REF	QUERY	REF-LEN	Q-LEN	REF-ST	REF-END	Q-ST	Q-END
contig_8	 contig_8	291604	903314	2667	5284	868707	871325	
contig_8	 contig_8	291604	903314	2403	5229	187275	190100	
contig_8	 contig_8	291604	903314	2235	5043	167536	164729	
contig_8	 contig_8	291604	903314	3170	5229	143286	145350	
contig_8	 contig_8	291604	903314	5088	291604	1	286496	
contig_8	 contig_8	291604	903314	8259	9744	454697	456182	
contig_8	 contig_8	291604	903314	8259	9743	247157	245671	
contig_8	 contig_8	291604	903314	8260	9742	368229	366747	
contig_8	 contig_8	291604	903314	8260	9601	579800	578459	
contig_8	 contig_8	291604	903314	8260	9742	329144	327662	
contig_8	 contig_8	291604	903314	8261	9742	334156	332674	
contig_8	 contig_8	291604	903314	8261	9743	756192	757676	
contig_8	 contig_8	291604	903314	8261	9742	299372	297891	
contig_8	 contig_8	291604	903314	8261	9742	896983	895500	
contig_8	 contig_8	291604	903314	8261	9742	752598	751116	
contig_8	 contig_8	291604	903314	8261	9743	307969	309451	
contig_8	 contig_8	291604	903314	8261	9742	373534	375015	
contig_8	 contig_8	291604	903314	8261	9742	578458	576977	
contig_8	 contig_8	291604	903314	8259	9742	816953	818437	
contig_8	 contig_8	291604	903314	38217	39417	201362	200160	
contig_8	 contig_8	291604	903314	38217	39417	155835	154625	
contig_8	 contig_8	291604	903314	68338	69852	651469	652984	
contig_8	 contig_8	291604	903314	68352	69848	855850	854354	
contig_8	 contig_8	291604	903314	68352	69848	74795	73298	
contig_8	 contig_8	291604	903314	68352	69879	286495	288023	
contig_8	 contig_8	291604	903314	68352	69847	850897	849399	
contig_8	 contig_8	291604	903314	68353	69848	861757	860262	
contig_8	 contig_8	291604	903314	68349	69848	749549	751049	
contig_8	 contig_8	291604	903314	68353	69848	606620	605124	
contig_8	 contig_8	291604	903314	68354	69848	292810	294305	
contig_8	 contig_8	291604	903314	68349	69879	454110	452576	
contig_8	 contig_8	291604	903314	76940	78119	369483	368305	
contig_8	 contig_8	291604	903314	78384	79882	143294	141797	
contig_8	 contig_8	291604	903314	78384	79888	854351	855855	
contig_8	 contig_8	291604	903314	78385	79883	751051	749553	
contig_8	 contig_8	291604	903314	78385	79884	652982	651483	
contig_8	 contig_8	291604	903314	78385	79882	294307	292810	
contig_8	 contig_8	291604	903314	78385	79883	605122	606620	
contig_8	 contig_8	291604	903314	78385	79883	860260	861757	
contig_8	 contig_8	291604	903314	78387	79888	287991	286491	
contig_8	 contig_8	291604	903314	78387	79884	64747	63251	
contig_8	 contig_8	291604	903314	78387	79883	452608	454106	
contig_8	 contig_8	291604	903314	78388	79888	849399	850901	
contig_8	 contig_8	291604	903314	78403	79883	129235	127754	
contig_8	 contig_8	291604	903314	92587	93790	395632	394430	
contig_8	 contig_8	291604	903314	92587	93704	505999	507116	
contig_8	 contig_8	291604	903314	93211	93789	493148	493725	
contig_8	 contig_8	291604	903314	118369	119474	505999	507114	
contig_8	 contig_8	291604	903314	118368	119564	395633	394428	
contig_8	 contig_8	291604	903314	118984	119561	493148	493725	
contig_8	 contig_8	291604	903314	132841	134325	861760	860278	
contig_8	 contig_8	291604	903314	132843	134325	606621	605140	
contig_8	 contig_8	291604	903314	132844	134325	651484	652964	
contig_8	 contig_8	291604	903314	132834	134325	749543	751033	
contig_8	 contig_8	291604	903314	132844	134325	286496	287975	
contig_8	 contig_8	291604	903314	132844	134325	850896	849414	
contig_8	 contig_8	291604	903314	132844	134325	855849	854370	
contig_8	 contig_8	291604	903314	132844	134325	74794	73314	
contig_8	 contig_8	291604	903314	132845	134325	292810	294289	
contig_8	 contig_8	291604	903314	132838	134325	454112	452624	
contig_8	 contig_8	291604	903314	134323	135245	832551	833472	
contig_8	 contig_8	291604	903314	134323	135245	745605	744684	
contig_8	 contig_8	291604	903314	134323	135245	507114	508035	
contig_8	 contig_8	291604	903314	134323	135245	844260	843339	
contig_8	 contig_8	291604	903314	134325	135243	492232	493149	
contig_8	 contig_8	291604	903314	134325	135250	667166	666240	
contig_8	 contig_8	291604	903314	135242	137255	831440	833473	
contig_8	 contig_8	291604	903314	136323	137255	745614	744683	
contig_8	 contig_8	291604	903314	136331	137254	844261	843339	
contig_8	 contig_8	291604	903314	136332	137255	507114	508036	
contig_8	 contig_8	291604	903314	136326	137252	667174	666248	
contig_8	 contig_8	291604	903314	136326	137259	492224	493156	
contig_8	 contig_8	291604	903314	146888	148385	606619	605122	
contig_8	 contig_8	291604	903314	146888	148387	855848	854350	
contig_8	 contig_8	291604	903314	146888	148382	850895	849399	
contig_8	 contig_8	291604	903314	146888	148386	74793	73295	
contig_8	 contig_8	291604	903314	146888	148389	861756	860256	
contig_8	 contig_8	291604	903314	146888	148383	286497	287991	
contig_8	 contig_8	291604	903314	146888	148385	749554	751051	
contig_8	 contig_8	291604	903314	146888	148385	292810	294307	
contig_8	 contig_8	291604	903314	146888	148385	651485	652982	
contig_8	 contig_8	291604	903314	146888	148383	454105	452608	
contig_8	 contig_8	291604	903314	148378	150548	869209	871381	
contig_8	 contig_8	291604	903314	148378	150248	166602	164732	
contig_8	 contig_8	291604	903314	159714	160923	34315	33115	
contig_8	 contig_8	291604	903314	167409	168597	497326	496138	
contig_8	 contig_8	291604	903314	167409	168602	169592	168399	
contig_8	 contig_8	291604	903314	169820	172220	189911	187529	
contig_8	 contig_8	291604	903314	169820	171708	145161	143286	
contig_8	 contig_8	291604	903314	169519	172211	871382	868706	
contig_8	 contig_8	291604	903314	173505	174699	163514	162321	
contig_8	 contig_8	291604	903314	173510	174699	496138	497326	
contig_8	 contig_8	291604	903314	176850	178334	299373	297891	
contig_8	 contig_8	291604	903314	176850	178336	756191	757677	
contig_8	 contig_8	291604	903314	176850	178337	307968	309453	
contig_8	 contig_8	291604	903314	176851	178334	578458	576977	
contig_8	 contig_8	291604	903314	176851	178334	329143	327662	
contig_8	 contig_8	291604	903314	176851	178334	368228	366747	
contig_8	 contig_8	291604	903314	176851	178193	579799	578459	
contig_8	 contig_8	291604	903314	176851	178334	752598	751116	
contig_8	 contig_8	291604	903314	176851	178334	334156	332674	
contig_8	 contig_8	291604	903314	176851	178334	896983	895500	
contig_8	 contig_8	291604	903314	176851	178334	373534	375015	
contig_8	 contig_8	291604	903314	176851	178335	454699	456181	
contig_8	 contig_8	291604	903314	176851	178335	247155	245671	
contig_8	 contig_8	291604	903314	176851	178334	816955	818437	
contig_8	 contig_8	291604	903314	181897	182830	667173	666240	
contig_8	 contig_8	291604	903314	181897	182825	492225	493151	
contig_8	 contig_8	291604	903314	181905	182823	745603	744686	
contig_8	 contig_8	291604	903314	181897	182823	832546	833470	
contig_8	 contig_8	291604	903314	181905	182823	507116	508033	
contig_8	 contig_8	291604	903314	181905	182823	844258	843341	
contig_8	 contig_8	291604	903314	191003	191920	507116	508033	
contig_8	 contig_8	291604	903314	191003	191922	667166	666246	
contig_8	 contig_8	291604	903314	191003	191920	492232	493149	
contig_8	 contig_8	291604	903314	191003	191920	745603	744686	
contig_8	 contig_8	291604	903314	191003	191920	832553	833470	
contig_8	 contig_8	291604	903314	191003	191920	844258	843341	
contig_8	 contig_8	291604	903314	192213	195329	868262	871381	
contig_8	 contig_8	291604	903314	192647	195030	167114	164732	
contig_8	 contig_8	291604	903314	205280	206482	34315	33115	
contig_8	 contig_8	291604	903314	250780	252263	173224	171742	
contig_8	 contig_8	291604	903314	250780	252263	257897	256415	
contig_8	 contig_8	291604	903314	250780	252263	309451	307969	
contig_8	 contig_8	291604	903314	250780	252265	4652	3168	
contig_8	 contig_8	291604	903314	250780	252265	456181	454697	
contig_8	 contig_8	291604	903314	250780	252263	757676	756192	
contig_8	 contig_8	291604	903314	250781	252266	250403	248919	
contig_8	 contig_8	291604	903314	250781	252263	375015	373534	
contig_8	 contig_8	291604	903314	250781	252263	297891	299372	
contig_8	 contig_8	291604	903314	250781	252264	327662	329144	
contig_8	 contig_8	291604	903314	250781	252263	332674	334156	
contig_8	 contig_8	291604	903314	250781	252264	366747	368229	
contig_8	 contig_8	291604	903314	250781	252263	751116	752598	
contig_8	 contig_8	291604	903314	250781	252263	576977	578458	
contig_8	 contig_8	291604	903314	250781	252265	818437	816953	
contig_8	 contig_8	291604	903314	250781	252263	895500	896983	
contig_8	 contig_8	291604	903314	250922	252264	578459	579800	
contig_8	 contig_8	291604	903314	254025	255509	247158	245672	
contig_8	 contig_8	291604	903314	254026	255509	454697	456180	
contig_8	 contig_8	291604	903314	254023	255368	579804	578459	
contig_8	 contig_8	291604	903314	254027	255509	368229	366747	
contig_8	 contig_8	291604	903314	254027	255509	329144	327662	
contig_8	 contig_8	291604	903314	254028	255509	578458	576977	
contig_8	 contig_8	291604	903314	254028	255509	307969	309450	
contig_8	 contig_8	291604	903314	254028	255509	373534	375015	
contig_8	 contig_8	291604	903314	254028	255509	752598	751116	
contig_8	 contig_8	291604	903314	254028	255510	334156	332673	
contig_8	 contig_8	291604	903314	254028	255509	756192	757675	
contig_8	 contig_8	291604	903314	254028	255509	299372	297891	
contig_8	 contig_8	291604	903314	254028	255510	896983	895499	
contig_8	 contig_8	291604	903314	254014	255509	816943	818437	
contig_8	 contig_8	291604	903314	261518	263002	299375	297891	
contig_8	 contig_8	291604	903314	261519	263011	756190	757682	
contig_8	 contig_8	291604	903314	261515	263003	307964	309451	
contig_8	 contig_8	291604	903314	261521	263002	578458	576977	
contig_8	 contig_8	291604	903314	261516	262861	579805	578459	
contig_8	 contig_8	291604	903314	261521	263002	368228	366747	
contig_8	 contig_8	291604	903314	261521	263002	373534	375015	
contig_8	 contig_8	291604	903314	261521	263002	752598	751116	
contig_8	 contig_8	291604	903314	261521	263008	454699	456186	
contig_8	 contig_8	291604	903314	261521	263003	247155	245671	
contig_8	 contig_8	291604	903314	261521	263002	334156	332674	
contig_8	 contig_8	291604	903314	261516	263002	329148	327662	
contig_8	 contig_8	291604	903314	261521	263002	896983	895500	
contig_8	 contig_8	291604	903314	261521	263002	816955	818437	
contig_7	 contig_8	607258	903314	1	594580	895646	301057	
contig_7	 contig_8	607258	903314	24274	27390	190210	187095	
contig_7	 contig_8	607258	903314	24274	26444	145461	143286	
contig_7	 contig_8	607258	903314	24273	26947	164430	167105	
contig_7	 contig_8	607258	903314	33890	35376	127751	129235	
contig_7	 contig_8	607258	903314	33893	35394	749553	751051	
contig_7	 contig_8	607258	903314	33894	35394	292810	294307	
contig_7	 contig_8	607258	903314	33893	35392	63252	64747	
contig_7	 contig_8	607258	903314	33893	35394	74794	73296	
contig_7	 contig_8	607258	903314	33893	35394	651484	652982	
contig_7	 contig_8	607258	903314	33894	35398	141797	143297	
contig_7	 contig_8	607258	903314	33893	35392	286496	287991	
contig_7	 contig_8	607258	903314	39799	41303	74799	73295	
contig_7	 contig_8	607258	903314	39804	41300	286495	287991	
contig_7	 contig_8	607258	903314	39804	41300	63251	64747	
contig_7	 contig_8	607258	903314	39804	41302	651483	652982	
contig_7	 contig_8	607258	903314	39805	41302	749553	751051	
contig_7	 contig_8	607258	903314	39805	41284	127754	129235	
contig_7	 contig_8	607258	903314	39806	41306	292810	294312	
contig_7	 contig_8	607258	903314	39806	41304	141797	143295	
contig_7	 contig_8	607258	903314	44752	46252	286490	287990	
contig_7	 contig_8	607258	903314	44757	46252	63251	64746	
contig_7	 contig_8	607258	903314	44757	46252	651483	652979	
contig_7	 contig_8	607258	903314	44753	46252	74799	73299	
contig_7	 contig_8	607258	903314	44758	46237	127754	129235	
contig_7	 contig_8	607258	903314	44746	46256	749541	751052	
contig_7	 contig_8	607258	903314	44759	46252	141797	143290	
contig_7	 contig_8	607258	903314	44759	46259	292810	294311	
contig_7	 contig_8	607258	903314	51392	52314	832550	833472	
contig_7	 contig_8	607258	903314	51392	52314	131242	132166	
contig_7	 contig_8	607258	903314	51393	52314	507114	508035	
contig_7	 contig_8	607258	903314	51393	52314	129233	130155	
contig_7	 contig_8	607258	903314	51395	52312	176790	177707	
contig_7	 contig_8	607258	903314	51395	52312	185884	186802	
contig_7	 contig_8	607258	903314	51395	52312	492232	493149	
contig_7	 contig_8	607258	903314	62178	63111	744682	745614	
contig_7	 contig_8	607258	903314	62179	64210	132167	130152	
contig_7	 contig_8	607258	903314	62180	63103	843339	844261	
contig_7	 contig_8	607258	903314	62180	63102	130155	129233	
contig_7	 contig_8	607258	903314	62182	63107	177707	176782	
contig_7	 contig_8	607258	903314	62182	63100	186802	185884	
contig_7	 contig_8	607258	903314	62177	63116	666243	667182	
contig_7	 contig_8	607258	903314	63102	64207	491125	492230	
contig_7	 contig_8	607258	903314	77207	78690	297890	299372	
contig_7	 contig_8	607258	903314	77207	78690	751115	752598	
contig_7	 contig_8	607258	903314	77207	78691	366746	368229	
contig_7	 contig_8	607258	903314	77202	78696	576972	578464	
contig_7	 contig_8	607258	903314	77208	78692	245672	247157	
contig_7	 contig_8	607258	903314	77208	78692	4651	3168	
contig_7	 contig_8	607258	903314	77208	78690	332674	334156	
contig_7	 contig_8	607258	903314	77208	78690	257896	256415	
contig_7	 contig_8	607258	903314	77208	78690	173223	171742	
contig_7	 contig_8	607258	903314	77208	78702	250403	248908	
contig_7	 contig_8	607258	903314	77208	78696	327662	329150	
contig_7	 contig_8	607258	903314	77208	78690	895500	896983	
contig_7	 contig_8	607258	903314	77349	78691	578459	579800	
contig_7	 contig_8	607258	903314	102495	103832	648535	649867	
contig_7	 contig_8	607258	903314	137961	139445	173225	171741	
contig_7	 contig_8	607258	903314	137962	139444	245671	247155	
contig_7	 contig_8	607258	903314	137956	139446	257905	256413	
contig_7	 contig_8	607258	903314	137962	139444	4652	3170	
contig_7	 contig_8	607258	903314	137963	139444	250403	248922	
contig_7	 contig_8	607258	903314	137963	139444	366747	368228	
contig_7	 contig_8	607258	903314	137963	139444	332674	334156	
contig_7	 contig_8	607258	903314	137959	139444	576973	578458	
contig_7	 contig_8	607258	903314	137959	139444	327658	329143	
contig_7	 contig_8	607258	903314	137958	139451	751112	752606	
contig_7	 contig_8	607258	903314	137957	139451	297886	299380	
contig_7	 contig_8	607258	903314	137963	139444	895500	896983	
contig_7	 contig_8	607258	903314	138104	139451	578459	579806	
contig_7	 contig_8	607258	903314	143034	144520	896988	895500	
contig_7	 contig_8	607258	903314	143030	144524	299380	297887	
contig_7	 contig_8	607258	903314	143039	144520	3170	4651	
contig_7	 contig_8	607258	903314	143039	144520	247155	245672	
contig_7	 contig_8	607258	903314	143039	144520	454699	456180	
contig_7	 contig_8	607258	903314	143031	144524	756185	757680	
contig_7	 contig_8	607258	903314	143039	144520	307969	309450	
contig_7	 contig_8	607258	903314	143039	144520	256415	257896	
contig_7	 contig_8	607258	903314	143039	144520	171742	173223	
contig_7	 contig_8	607258	903314	143030	144523	373526	375018	
contig_7	 contig_8	607258	903314	143039	144520	248922	250403	
contig_7	 contig_8	607258	903314	143039	144521	816955	818438	
contig_7	 contig_8	607258	903314	144584	146082	294308	292810	
contig_7	 contig_8	607258	903314	144585	146083	605122	606620	
contig_7	 contig_8	607258	903314	144585	146083	860260	861757	
contig_7	 contig_8	607258	903314	144585	146083	854352	855849	
contig_7	 contig_8	607258	903314	144585	146082	143293	141797	
contig_7	 contig_8	607258	903314	144585	146083	73296	74794	
contig_7	 contig_8	607258	903314	144587	146089	452608	454112	
contig_7	 contig_8	607258	903314	144587	146087	64747	63248	
contig_7	 contig_8	607258	903314	144587	146083	287991	286496	
contig_7	 contig_8	607258	903314	144584	146095	849395	850908	
contig_7	 contig_8	607258	903314	144603	146093	129235	127744	
contig_7	 contig_8	607258	903314	150020	150951	131234	132167	
contig_7	 contig_8	607258	903314	150020	150952	832542	833474	
contig_7	 contig_8	607258	903314	150029	150952	507114	508037	
contig_7	 contig_8	607258	903314	150029	150950	129233	130155	
contig_7	 contig_8	607258	903314	150027	150948	492228	493149	
contig_7	 contig_8	607258	903314	150031	150948	176790	177707	
contig_7	 contig_8	607258	903314	150031	150948	185884	186802	
contig_7	 contig_8	607258	903314	227357	229381	491125	493149	
contig_7	 contig_8	607258	903314	228457	229389	176782	177714	
contig_7	 contig_8	607258	903314	228464	229389	129235	130160	
contig_7	 contig_8	607258	903314	228464	229383	185884	186804	
contig_7	 contig_8	607258	903314	228448	229386	832537	833475	
contig_7	 contig_8	607258	903314	228456	229381	131237	132164	
contig_7	 contig_8	607258	903314	228464	229386	507116	508038	
contig_7	 contig_8	607258	903314	242640	244138	605121	606620	
contig_7	 contig_8	607258	903314	242641	244137	294307	292810	
contig_7	 contig_8	607258	903314	242641	244139	73296	74795	
contig_7	 contig_8	607258	903314	242641	244138	860260	861757	
contig_7	 contig_8	607258	903314	242641	244139	854352	855850	
contig_7	 contig_8	607258	903314	242641	244137	143293	141797	
contig_7	 contig_8	607258	903314	242639	244139	287995	286495	
contig_7	 contig_8	607258	903314	242639	244147	452604	454115	
contig_7	 contig_8	607258	903314	242639	244153	64751	63237	
contig_7	 contig_8	607258	903314	242644	244139	849399	850897	
contig_7	 contig_8	607258	903314	242659	244138	129235	127754	
contig_7	 contig_8	607258	903314	245757	247088	791814	793151	
contig_7	 contig_8	607258	903314	245751	247088	413524	414859	
contig_7	 contig_8	607258	903314	289014	290494	127753	129235	
contig_7	 contig_8	607258	903314	289015	290512	749553	751051	
contig_7	 contig_8	607258	903314	289015	290510	63252	64747	
contig_7	 contig_8	607258	903314	289015	290512	74794	73296	
contig_7	 contig_8	607258	903314	289015	290510	286496	287991	
contig_7	 contig_8	607258	903314	289015	290513	651484	652983	
contig_7	 contig_8	607258	903314	289016	290512	141797	143293	
contig_7	 contig_8	607258	903314	289016	290512	292810	294307	
contig_7	 contig_8	607258	903314	315840	317182	247156	245813	
contig_7	 contig_8	607258	903314	315836	317182	248917	250262	
contig_7	 contig_8	607258	903314	315840	317182	454698	456039	
contig_7	 contig_8	607258	903314	315840	317182	3169	4510	
contig_7	 contig_8	607258	903314	315841	317182	299372	298032	
contig_7	 contig_8	607258	903314	315837	317182	896987	895643	
contig_7	 contig_8	607258	903314	315834	317182	373526	374874	
contig_7	 contig_8	607258	903314	315841	317182	171742	173082	
contig_7	 contig_8	607258	903314	315835	317182	256410	257755	
contig_7	 contig_8	607258	903314	315834	317182	756185	757534	
contig_7	 contig_8	607258	903314	315841	317182	307969	309309	
contig_7	 contig_8	607258	903314	315840	317182	816954	818296	
contig_7	 contig_8	607258	903314	317182	318664	896984	895500	
contig_7	 contig_8	607258	903314	317183	318664	3170	4651	
contig_7	 contig_8	607258	903314	317183	318668	373534	375019	
contig_7	 contig_8	607258	903314	317183	318664	247155	245672	
contig_7	 contig_8	607258	903314	317183	318664	256415	257896	
contig_7	 contig_8	607258	903314	317183	318664	171742	173223	
contig_7	 contig_8	607258	903314	317178	318664	454694	456180	
contig_7	 contig_8	607258	903314	317179	318664	307965	309450	
contig_7	 contig_8	607258	903314	317183	318664	248922	250403	
contig_7	 contig_8	607258	903314	317183	318667	299372	297888	
contig_7	 contig_8	607258	903314	317183	318668	756192	757679	
contig_7	 contig_8	607258	903314	317177	318669	816949	818443	
contig_7	 contig_8	607258	903314	387599	388523	744682	745605	
contig_7	 contig_8	607258	903314	387600	388523	132167	131243	
contig_7	 contig_8	607258	903314	387601	388523	130155	129233	
contig_7	 contig_8	607258	903314	387601	388523	843339	844260	
contig_7	 contig_8	607258	903314	387603	388521	186802	185884	
contig_7	 contig_8	607258	903314	387603	388521	177707	176790	
contig_7	 contig_8	607258	903314	387598	388521	666243	667166	
contig_7	 contig_8	607258	903314	388521	389639	394516	395632	
contig_7	 contig_8	607258	903314	388521	389639	88615	87499	
contig_7	 contig_8	607258	903314	388521	389639	114383	113276	
contig_7	 contig_8	607258	903314	398311	399499	169592	168404	
contig_7	 contig_8	607258	903314	398311	399499	162321	163509	
contig_7	 contig_8	607258	903314	401912	402489	88700	88123	
contig_7	 contig_8	607258	903314	401912	402489	394431	395008	
contig_7	 contig_8	607258	903314	401912	402489	114468	113891	
contig_7	 contig_8	607258	903314	402486	403412	177709	176782	
contig_7	 contig_8	607258	903314	402481	403413	132171	131237	
contig_7	 contig_8	607258	903314	402488	403405	186802	185884	
contig_7	 contig_8	607258	903314	402488	403405	130153	129235	
contig_7	 contig_8	607258	903314	402488	403405	843341	844258	
contig_7	 contig_8	607258	903314	402488	404515	666248	668275	
contig_7	 contig_8	607258	903314	402488	403409	744686	745607	
contig_7	 contig_8	607258	903314	403407	404515	831443	832551	
contig_7	 contig_8	607258	903314	439454	440936	297891	299372	
contig_7	 contig_8	607258	903314	439454	440936	332674	334156	
contig_7	 contig_8	607258	903314	439454	440941	576977	578463	
contig_7	 contig_8	607258	903314	439453	440936	173224	171742	
contig_7	 contig_8	607258	903314	439454	440936	751116	752598	
contig_7	 contig_8	607258	903314	439452	440938	4653	3168	
contig_7	 contig_8	607258	903314	439454	440941	327662	329149	
contig_7	 contig_8	607258	903314	439454	440938	250403	248920	
contig_7	 contig_8	607258	903314	439454	440937	366747	368229	
contig_7	 contig_8	607258	903314	439453	440938	245671	247157	
contig_7	 contig_8	607258	903314	439448	440936	257902	256415	
contig_7	 contig_8	607258	903314	439454	440936	895500	896983	
contig_7	 contig_8	607258	903314	439596	440937	578459	579800	
contig_7	 contig_8	607258	903314	441525	443012	127748	129235	
contig_7	 contig_8	607258	903314	441527	443060	63248	64778	
contig_7	 contig_8	607258	903314	441525	443028	749547	751049	
contig_7	 contig_8	607258	903314	441531	443028	74794	73298	
contig_7	 contig_8	607258	903314	441522	443032	651475	652984	
contig_7	 contig_8	607258	903314	441531	443060	286496	288023	
contig_7	 contig_8	607258	903314	441532	443028	292810	294305	
contig_7	 contig_8	607258	903314	441532	443028	141797	143291	
contig_7	 contig_8	607258	903314	480776	482112	648535	649873	
contig_7	 contig_8	607258	903314	492608	493747	365176	366316	
contig_7	 contig_8	607258	903314	499998	501200	87499	88701	
contig_7	 contig_8	607258	903314	499998	501114	505999	507116	
contig_7	 contig_8	607258	903314	499997	501202	113275	114471	
contig_7	 contig_8	607258	903314	500622	501199	493148	493725	
contig_7	 contig_8	607258	903314	520614	522100	576973	578458	
contig_7	 contig_8	607258	903314	520611	522117	297884	299390	
contig_7	 contig_8	607258	903314	520615	522100	366744	368228	
contig_7	 contig_8	607258	903314	520615	522108	751113	752607	
contig_7	 contig_8	607258	903314	520618	522100	257896	256415	
contig_7	 contig_8	607258	903314	520618	522100	245672	247155	
contig_7	 contig_8	607258	903314	520618	522100	332674	334156	
contig_7	 contig_8	607258	903314	520618	522100	4651	3170	
contig_7	 contig_8	607258	903314	520618	522100	250403	248922	
contig_7	 contig_8	607258	903314	520618	522100	173223	171742	
contig_7	 contig_8	607258	903314	520614	522108	327657	329150	
contig_7	 contig_8	607258	903314	520618	522100	895500	896983	
contig_7	 contig_8	607258	903314	520759	522108	578459	579806	
contig_7	 contig_8	607258	903314	526148	527326	71848	73030	
contig_7	 contig_8	607258	903314	527403	528885	256415	257896	
contig_7	 contig_8	607258	903314	527402	528885	454698	456180	
contig_7	 contig_8	607258	903314	527403	528888	373534	375018	
contig_7	 contig_8	607258	903314	527403	528885	171742	173223	
contig_7	 contig_8	607258	903314	527403	528885	896983	895500	
contig_7	 contig_8	607258	903314	527403	528885	307969	309450	
contig_7	 contig_8	607258	903314	527402	528885	3169	4651	
contig_7	 contig_8	607258	903314	527403	528888	299372	297888	
contig_7	 contig_8	607258	903314	527403	528885	756192	757675	
contig_7	 contig_8	607258	903314	527402	528885	248921	250403	
contig_7	 contig_8	607258	903314	527402	528886	816954	818438	
contig_7	 contig_8	607258	903314	527402	528885	247156	245672	
contig_7	 contig_8	607258	903314	529316	530455	401881	403021	
contig_7	 contig_8	607258	903314	529317	530464	319035	320182	
contig_7	 contig_8	607258	903314	561478	562962	896984	895499	
contig_7	 contig_8	607258	903314	561479	562961	454699	456180	
contig_7	 contig_8	607258	903314	561479	562961	299372	297891	
contig_7	 contig_8	607258	903314	561479	562961	247155	245672	
contig_7	 contig_8	607258	903314	561479	562961	756192	757675	
contig_7	 contig_8	607258	903314	561479	562961	256415	257896	
contig_7	 contig_8	607258	903314	561479	562961	171742	173223	
contig_7	 contig_8	607258	903314	561479	562962	248922	250404	
contig_7	 contig_8	607258	903314	561479	562961	307969	309450	
contig_7	 contig_8	607258	903314	561479	562961	373534	375015	
contig_7	 contig_8	607258	903314	561479	562961	3170	4651	
contig_7	 contig_8	607258	903314	561479	562961	816955	818437	
contig_7	 contig_8	607258	903314	566489	567971	247156	245672	
contig_7	 contig_8	607258	903314	566489	567971	248921	250403	
contig_7	 contig_8	607258	903314	566489	567971	3169	4651	
contig_7	 contig_8	607258	903314	566484	567971	454694	456180	
contig_7	 contig_8	607258	903314	566485	567971	307965	309450	
contig_7	 contig_8	607258	903314	566490	567971	299372	297891	
contig_7	 contig_8	607258	903314	566490	567971	171742	173223	
contig_7	 contig_8	607258	903314	566485	567971	256410	257896	
contig_7	 contig_8	607258	903314	566483	567976	373526	375019	
contig_7	 contig_8	607258	903314	566490	567971	896983	895500	
contig_7	 contig_8	607258	903314	566490	567975	756192	757679	
contig_7	 contig_8	607258	903314	566483	567971	816949	818437	
contig_7	 contig_8	607258	903314	575451	576598	365167	366315	
contig_7	 contig_8	607258	903314	586183	587669	173226	171741	
contig_7	 contig_8	607258	903314	586185	587668	4652	3170	
contig_7	 contig_8	607258	903314	586185	587673	257897	256409	
contig_7	 contig_8	607258	903314	586185	587668	245671	247155	
contig_7	 contig_8	607258	903314	586186	587668	366747	368228	
contig_7	 contig_8	607258	903314	586186	587668	332674	334156	
contig_7	 contig_8	607258	903314	586186	587672	327662	329148	
contig_7	 contig_8	607258	903314	586186	587669	297891	299373	
contig_7	 contig_8	607258	903314	586186	587672	576977	578462	
contig_7	 contig_8	607258	903314	586186	587668	751116	752598	
contig_7	 contig_8	607258	903314	586186	587668	250403	248922	
contig_7	 contig_8	607258	903314	586186	587668	895500	896983	
contig_7	 contig_8	607258	903314	586327	587668	578459	579799	
contig_7	 contig_8	607258	903314	594571	607258	301013	288319	
contig_7	 contig_8	607258	903314	596208	597692	256412	257896	
contig_7	 contig_8	607258	903314	596203	597697	756185	757681	
contig_7	 contig_8	607258	903314	596210	597692	307968	309450	
contig_7	 contig_8	607258	903314	596210	597692	171741	173223	
contig_7	 contig_8	607258	903314	596193	597699	373517	375022	
contig_7	 contig_8	607258	903314	596211	597692	454699	456180	
contig_7	 contig_8	607258	903314	596211	597692	248922	250403	
contig_7	 contig_8	607258	903314	596211	597692	247155	245672	
contig_7	 contig_8	607258	903314	596211	597692	3170	4651	
contig_7	 contig_8	607258	903314	596211	597692	329143	327662	
contig_7	 contig_8	607258	903314	596211	597692	334156	332674	
contig_7	 contig_8	607258	903314	596211	597695	368228	366744	
contig_7	 contig_8	607258	903314	596211	597695	578458	576974	
contig_7	 contig_8	607258	903314	596206	597692	896989	895500	
contig_7	 contig_8	607258	903314	596211	597551	579799	578459	
contig_7	 contig_8	607258	903314	596203	597696	752607	751112	
contig_7	 contig_8	607258	903314	596211	597693	816955	818438	
contig_7	 contig_8	607258	903314	601276	602773	751052	749554	
contig_7	 contig_8	607258	903314	601277	602773	605122	606619	
contig_7	 contig_8	607258	903314	601277	602773	73296	74793	
contig_7	 contig_8	607258	903314	601277	602773	652982	651485	
contig_7	 contig_8	607258	903314	601277	602773	143293	141797	
contig_7	 contig_8	607258	903314	601277	602773	860260	861756	
contig_7	 contig_8	607258	903314	601272	602773	854348	855848	
contig_7	 contig_8	607258	903314	601279	602773	64747	63253	
contig_7	 contig_8	607258	903314	601279	602773	452608	454105	
contig_7	 contig_8	607258	903314	601279	602773	287991	286497	
contig_7	 contig_8	607258	903314	601273	602773	849392	850895	
contig_7	 contig_8	607258	903314	601295	602773	129235	127755	
contig_10	 contig_8	435167	903314	5439	7815	868707	871084	
contig_10	 contig_8	435167	903314	5175	8132	187275	190231	
contig_10	 contig_8	435167	903314	5007	7812	167536	164732	
contig_10	 contig_8	435167	903314	5941	8133	143286	145483	
contig_10	 contig_8	435167	903314	18694	20225	452576	454109	
contig_10	 contig_8	435167	903314	18694	20221	288023	286497	
contig_10	 contig_8	435167	903314	18692	20221	64780	63253	
contig_10	 contig_8	435167	903314	18726	20222	143291	141796	
contig_10	 contig_8	435167	903314	18726	20221	73298	74793	
contig_10	 contig_8	435167	903314	18722	20221	652984	651485	
contig_10	 contig_8	435167	903314	18726	20225	605124	606624	
contig_10	 contig_8	435167	903314	18726	20221	854354	855848	
contig_10	 contig_8	435167	903314	18726	20221	860262	861756	
contig_10	 contig_8	435167	903314	18726	20221	294305	292810	
contig_10	 contig_8	435167	903314	18726	20221	751049	749554	
contig_10	 contig_8	435167	903314	18727	20221	849399	850895	
contig_10	 contig_8	435167	903314	18742	20221	129235	127755	
contig_10	 contig_8	435167	903314	36792	37713	185882	186804	
contig_10	 contig_8	435167	903314	36794	37711	844258	843341	
contig_10	 contig_8	435167	903314	36794	37711	131245	132164	
contig_10	 contig_8	435167	903314	36794	37711	492232	493149	
contig_10	 contig_8	435167	903314	36790	37711	507112	508033	
contig_10	 contig_8	435167	903314	36794	37711	129235	130153	
contig_10	 contig_8	435167	903314	36794	37711	745603	744686	
contig_10	 contig_8	435167	903314	36794	37713	667166	666246	
contig_10	 contig_8	435167	903314	36794	37711	176790	177707	
contig_10	 contig_8	435167	903314	36794	37711	832553	833470	
contig_10	 contig_8	435167	903314	38325	39141	833472	832656	
contig_10	 contig_8	435167	903314	38325	39141	843339	844155	
contig_10	 contig_8	435167	903314	38325	39141	130155	129338	
contig_10	 contig_8	435167	903314	38325	39141	508035	507219	
contig_10	 contig_8	435167	903314	38325	39141	132166	131348	
contig_10	 contig_8	435167	903314	38325	39141	744684	745500	
contig_10	 contig_8	435167	903314	38327	39141	177707	176893	
contig_10	 contig_8	435167	903314	38327	39141	666248	667063	
contig_10	 contig_8	435167	903314	38327	39141	186802	185987	
contig_10	 contig_8	435167	903314	38327	39141	493149	492335	
contig_10	 contig_8	435167	903314	39138	40755	297756	299373	
contig_10	 contig_8	435167	903314	39269	40754	751112	752598	
contig_10	 contig_8	435167	903314	39270	40754	366744	368228	
contig_10	 contig_8	435167	903314	39270	40754	576974	578458	
contig_10	 contig_8	435167	903314	39266	40754	375022	373534	
contig_10	 contig_8	435167	903314	39272	40754	818438	816955	
contig_10	 contig_8	435167	903314	39268	40755	757681	756191	
contig_10	 contig_8	435167	903314	39273	40754	332674	334156	
contig_10	 contig_8	435167	903314	39273	40755	173223	171741	
contig_10	 contig_8	435167	903314	39273	40754	327662	329143	
contig_10	 contig_8	435167	903314	39273	40754	4651	3170	
contig_10	 contig_8	435167	903314	39273	40754	250403	248922	
contig_10	 contig_8	435167	903314	39273	40756	309450	307967	
contig_10	 contig_8	435167	903314	39273	40754	245672	247155	
contig_10	 contig_8	435167	903314	39273	40755	257896	256414	
contig_10	 contig_8	435167	903314	39273	40754	456180	454699	
contig_10	 contig_8	435167	903314	39273	40754	895500	896983	
contig_10	 contig_8	435167	903314	39414	40754	578459	579799	
contig_10	 contig_8	435167	903314	51939	53133	113276	114469	
contig_10	 contig_8	435167	903314	51936	53135	87496	88703	
contig_10	 contig_8	435167	903314	51939	53133	395632	394430	
contig_10	 contig_8	435167	903314	51939	53047	505999	507116	
contig_10	 contig_8	435167	903314	52555	53132	493148	493725	
contig_10	 contig_8	435167	903314	62428	65908	186926	190431	
contig_10	 contig_8	435167	903314	62839	65696	433188	436041	
contig_10	 contig_8	435167	903314	81107	82591	332672	334157	
contig_10	 contig_8	435167	903314	81108	82590	250404	248922	
contig_10	 contig_8	435167	903314	81109	82590	4651	3170	
contig_10	 contig_8	435167	903314	81109	82590	818437	816955	
contig_10	 contig_8	435167	903314	81109	82594	366747	368232	
contig_10	 contig_8	435167	903314	81109	82590	757675	756192	
contig_10	 contig_8	435167	903314	81109	82590	173223	171742	
contig_10	 contig_8	435167	903314	81109	82590	257896	256415	
contig_10	 contig_8	435167	903314	81109	82590	297891	299372	
contig_10	 contig_8	435167	903314	81109	82590	245672	247155	
contig_10	 contig_8	435167	903314	81109	82591	751116	752599	
contig_10	 contig_8	435167	903314	81109	82590	309450	307969	
contig_10	 contig_8	435167	903314	81109	82590	456180	454699	
contig_10	 contig_8	435167	903314	81109	82590	327662	329143	
contig_10	 contig_8	435167	903314	81109	82590	375015	373534	
contig_10	 contig_8	435167	903314	81109	82591	576977	578459	
contig_10	 contig_8	435167	903314	81104	82591	895495	896984	
contig_10	 contig_8	435167	903314	81250	82590	578459	579799	
contig_10	 contig_8	435167	903314	96796	97713	492232	493149	
contig_10	 contig_8	435167	903314	96796	97713	185884	186802	
contig_10	 contig_8	435167	903314	96796	97731	129235	130171	
contig_10	 contig_8	435167	903314	96796	97713	507116	508033	
contig_10	 contig_8	435167	903314	96796	97713	832553	833470	
contig_10	 contig_8	435167	903314	96796	97713	844258	843341	
contig_10	 contig_8	435167	903314	96796	97731	176790	177725	
contig_10	 contig_8	435167	903314	96796	97713	131245	132164	
contig_10	 contig_8	435167	903314	96796	97713	745603	744686	
contig_10	 contig_8	435167	903314	96796	97720	667166	666240	
contig_10	 contig_8	435167	903314	97888	98800	496138	497057	
contig_10	 contig_8	435167	903314	97887	98800	168403	169323	
contig_10	 contig_8	435167	903314	97887	98800	163510	162590	
contig_10	 contig_8	435167	903314	98796	100826	132168	130153	
contig_10	 contig_8	435167	903314	98797	100826	833473	831441	
contig_10	 contig_8	435167	903314	98793	99728	744679	745614	
contig_10	 contig_8	435167	903314	98797	99719	508036	507114	
contig_10	 contig_8	435167	903314	98798	99719	130155	129233	
contig_10	 contig_8	435167	903314	98798	99720	843339	844261	
contig_10	 contig_8	435167	903314	98800	99733	493149	492216	
contig_10	 contig_8	435167	903314	98800	99717	186802	185884	
contig_10	 contig_8	435167	903314	98800	99724	177707	176782	
contig_10	 contig_8	435167	903314	98800	99733	666248	667182	
contig_10	 contig_8	435167	903314	99717	100824	668277	667168	
contig_10	 contig_8	435167	903314	99719	100824	491125	492230	
contig_10	 contig_8	435167	903314	106718	107904	71847	73037	
contig_10	 contig_8	435167	903314	106719	107897	369483	368305	
contig_10	 contig_8	435167	903314	115428	116619	169595	168404	
contig_10	 contig_8	435167	903314	115431	116619	162321	163509	
contig_10	 contig_8	435167	903314	115431	116619	497326	496138	
contig_10	 contig_8	435167	903314	140741	142225	756189	757675	
contig_10	 contig_8	435167	903314	140742	142225	256413	257896	
contig_10	 contig_8	435167	903314	140742	142238	299374	297877	
contig_10	 contig_8	435167	903314	140743	142225	307968	309450	
contig_10	 contig_8	435167	903314	140743	142225	171741	173223	
contig_10	 contig_8	435167	903314	140744	142225	334156	332674	
contig_10	 contig_8	435167	903314	140744	142226	578458	576976	
contig_10	 contig_8	435167	903314	140740	142084	579803	578459	
contig_10	 contig_8	435167	903314	140739	142225	896988	895500	
contig_10	 contig_8	435167	903314	140738	142232	752604	751109	
contig_10	 contig_8	435167	903314	140744	142225	247155	245672	
contig_10	 contig_8	435167	903314	140744	142225	329143	327662	
contig_10	 contig_8	435167	903314	140744	142226	368228	366746	
contig_10	 contig_8	435167	903314	140744	142225	3170	4651	
contig_10	 contig_8	435167	903314	140744	142225	248922	250403	
contig_10	 contig_8	435167	903314	140744	142226	373534	375016	
contig_10	 contig_8	435167	903314	140744	142225	454699	456180	
contig_10	 contig_8	435167	903314	140744	142226	816955	818438	
contig_10	 contig_8	435167	903314	147988	148911	508035	507114	
contig_10	 contig_8	435167	903314	147984	148917	493155	492224	
contig_10	 contig_8	435167	903314	147988	148912	843339	844261	
contig_10	 contig_8	435167	903314	147997	148917	666253	667174	
contig_10	 contig_8	435167	903314	147988	150002	833472	831441	
contig_10	 contig_8	435167	903314	147988	148911	130155	129233	
contig_10	 contig_8	435167	903314	147997	148916	177702	176782	
contig_10	 contig_8	435167	903314	147997	148909	186797	185884	
contig_10	 contig_8	435167	903314	147988	148920	744684	745614	
contig_10	 contig_8	435167	903314	147984	150002	132170	130153	
contig_10	 contig_8	435167	903314	148911	150000	178797	177709	
contig_10	 contig_8	435167	903314	161441	162363	508036	507114	
contig_10	 contig_8	435167	903314	161441	162363	833473	832551	
contig_10	 contig_8	435167	903314	161441	162363	132167	131243	
contig_10	 contig_8	435167	903314	161441	162363	744683	745605	
contig_10	 contig_8	435167	903314	161442	162363	843339	844260	
contig_10	 contig_8	435167	903314	161442	162364	130155	129232	
contig_10	 contig_8	435167	903314	161444	162361	186802	185884	
contig_10	 contig_8	435167	903314	161444	162361	493149	492232	
contig_10	 contig_8	435167	903314	161444	162361	666248	667166	
contig_10	 contig_8	435167	903314	161444	162361	177707	176790	
contig_10	 contig_8	435167	903314	200462	202078	297756	299372	
contig_10	 contig_8	435167	903314	200593	202089	751112	752608	
contig_10	 contig_8	435167	903314	200590	202095	375022	373519	
contig_10	 contig_8	435167	903314	200594	202078	366744	368228	
contig_10	 contig_8	435167	903314	200594	202078	576974	578458	
contig_10	 contig_8	435167	903314	200596	202078	818438	816955	
contig_10	 contig_8	435167	903314	200597	202078	327662	329143	
contig_10	 contig_8	435167	903314	200597	202078	245672	247155	
contig_10	 contig_8	435167	903314	200597	202078	456180	454699	
contig_10	 contig_8	435167	903314	200597	202078	257896	256415	
contig_10	 contig_8	435167	903314	200592	202078	757681	756192	
contig_10	 contig_8	435167	903314	200597	202078	332674	334156	
contig_10	 contig_8	435167	903314	200597	202078	173223	171742	
contig_10	 contig_8	435167	903314	200597	202078	309450	307969	
contig_10	 contig_8	435167	903314	200597	202078	250403	248922	
contig_10	 contig_8	435167	903314	200597	202078	4651	3170	
contig_10	 contig_8	435167	903314	200597	202084	895500	896988	
contig_10	 contig_8	435167	903314	200738	202078	578459	579799	
contig_10	 contig_8	435167	903314	211247	212730	327660	329143	
contig_10	 contig_8	435167	903314	211249	212730	309450	307969	
contig_10	 contig_8	435167	903314	211249	212730	257896	256415	
contig_10	 contig_8	435167	903314	211249	212730	4651	3170	
contig_10	 contig_8	435167	903314	211249	212730	332674	334156	
contig_10	 contig_8	435167	903314	211240	212735	757684	756188	
contig_10	 contig_8	435167	903314	211249	212730	818437	816955	
contig_10	 contig_8	435167	903314	211249	212730	366747	368228	
contig_10	 contig_8	435167	903314	211249	212730	751116	752598	
contig_10	 contig_8	435167	903314	211249	212730	173223	171742	
contig_10	 contig_8	435167	903314	211249	212730	250403	248922	
contig_10	 contig_8	435167	903314	211249	212730	245672	247155	
contig_10	 contig_8	435167	903314	211249	212730	576977	578458	
contig_10	 contig_8	435167	903314	211249	212730	297891	299372	
contig_10	 contig_8	435167	903314	211249	212730	456180	454699	
contig_10	 contig_8	435167	903314	211249	212732	375015	373532	
contig_10	 contig_8	435167	903314	211249	212730	895500	896983	
contig_10	 contig_8	435167	903314	211390	212730	578459	579799	
contig_10	 contig_8	435167	903314	222325	223248	185882	186805	
contig_10	 contig_8	435167	903314	222327	223249	492232	493153	
contig_10	 contig_8	435167	903314	222327	223245	832553	833470	
contig_10	 contig_8	435167	903314	222327	223245	745603	744686	
contig_10	 contig_8	435167	903314	222327	223247	667166	666246	
contig_10	 contig_8	435167	903314	222327	223245	131245	132164	
contig_10	 contig_8	435167	903314	222327	223245	507116	508033	
contig_10	 contig_8	435167	903314	222327	223245	844258	843341	
contig_10	 contig_8	435167	903314	222327	223245	129235	130153	
contig_10	 contig_8	435167	903314	222327	223245	176790	177707	
contig_10	 contig_8	435167	903314	239862	241479	297756	299373	
contig_10	 contig_8	435167	903314	239993	241478	751112	752598	
contig_10	 contig_8	435167	903314	239994	241478	366744	368228	
contig_10	 contig_8	435167	903314	239990	241478	375022	373534	
contig_10	 contig_8	435167	903314	239994	241478	576974	578458	
contig_10	 contig_8	435167	903314	239996	241478	818438	816955	
contig_10	 contig_8	435167	903314	239997	241478	456180	454699	
contig_10	 contig_8	435167	903314	239997	241478	327662	329143	
contig_10	 contig_8	435167	903314	239997	241478	4651	3170	
contig_10	 contig_8	435167	903314	239997	241479	257896	256414	
contig_10	 contig_8	435167	903314	239997	241478	250403	248922	
contig_10	 contig_8	435167	903314	239997	241478	245672	247155	
contig_10	 contig_8	435167	903314	239997	241479	309450	307968	
contig_10	 contig_8	435167	903314	239997	241479	173223	171741	
contig_10	 contig_8	435167	903314	239992	241479	757681	756191	
contig_10	 contig_8	435167	903314	239997	241478	332674	334156	
contig_10	 contig_8	435167	903314	239997	241478	895500	896983	
contig_10	 contig_8	435167	903314	240138	241478	578459	579799	
contig_10	 contig_8	435167	903314	248904	250402	861756	860260	
contig_10	 contig_8	435167	903314	248904	250403	749554	751052	
contig_10	 contig_8	435167	903314	248896	250400	63245	64747	
contig_10	 contig_8	435167	903314	248887	250402	651467	652982	
contig_10	 contig_8	435167	903314	248904	250384	127755	129235	
contig_10	 contig_8	435167	903314	248903	250402	141796	143293	
contig_10	 contig_8	435167	903314	248904	250402	74793	73296	
contig_10	 contig_8	435167	903314	248904	250400	454105	452608	
contig_10	 contig_8	435167	903314	248900	250402	855852	854352	
contig_10	 contig_8	435167	903314	248904	250403	850895	849395	
contig_10	 contig_8	435167	903314	248904	250403	292810	294308	
contig_10	 contig_8	435167	903314	248904	250400	286497	287991	
contig_10	 contig_8	435167	903314	248904	250406	606619	605118	
contig_10	 contig_8	435167	903314	296375	297876	854349	855850	
contig_10	 contig_8	435167	903314	296376	297874	143295	141797	
contig_10	 contig_8	435167	903314	296377	297876	73295	74795	
contig_10	 contig_8	435167	903314	296374	297878	652986	651481	
contig_10	 contig_8	435167	903314	296378	297875	751051	749553	
contig_10	 contig_8	435167	903314	296378	297875	860260	861757	
contig_10	 contig_8	435167	903314	296378	297875	605122	606620	
contig_10	 contig_8	435167	903314	296378	297874	294307	292810	
contig_10	 contig_8	435167	903314	296380	297878	64747	63249	
contig_10	 contig_8	435167	903314	296380	297875	452608	454106	
contig_10	 contig_8	435167	903314	296380	297876	287991	286495	
contig_10	 contig_8	435167	903314	296381	297876	849399	850897	
contig_10	 contig_8	435167	903314	296396	297875	129235	127754	
contig_10	 contig_8	435167	903314	311986	312917	833484	832551	
contig_10	 contig_8	435167	903314	311994	312917	744682	745605	
contig_10	 contig_8	435167	903314	311994	312919	508037	507112	
contig_10	 contig_8	435167	903314	311995	312917	132167	131243	
contig_10	 contig_8	435167	903314	311996	312917	130155	129233	
contig_10	 contig_8	435167	903314	311996	312917	843339	844260	
contig_10	 contig_8	435167	903314	311994	312915	666244	667166	
contig_10	 contig_8	435167	903314	311998	312915	186802	185884	
contig_10	 contig_8	435167	903314	311998	312915	493149	492232	
contig_10	 contig_8	435167	903314	311998	312915	177707	176790	
contig_10	 contig_8	435167	903314	339717	340638	666244	667166	
contig_10	 contig_8	435167	903314	339719	340640	186804	185882	
contig_10	 contig_8	435167	903314	339721	340638	493149	492232	
contig_10	 contig_8	435167	903314	339721	340638	843341	844258	
contig_10	 contig_8	435167	903314	339717	340638	508037	507116	
contig_10	 contig_8	435167	903314	339721	340638	132164	131245	
contig_10	 contig_8	435167	903314	339721	340638	177707	176790	
contig_10	 contig_8	435167	903314	339717	340646	744682	745610	
contig_10	 contig_8	435167	903314	339721	340638	130153	129235	
contig_10	 contig_8	435167	903314	339717	340638	833474	832553	
contig_10	 contig_8	435167	903314	344831	346314	171740	173223	
contig_10	 contig_8	435167	903314	344832	346314	256414	257896	
contig_10	 contig_8	435167	903314	344832	346314	299373	297891	
contig_10	 contig_8	435167	903314	344832	346323	756191	757684	
contig_10	 contig_8	435167	903314	344832	346314	307968	309450	
contig_10	 contig_8	435167	903314	344833	346314	247155	245672	
contig_10	 contig_8	435167	903314	344833	346314	3170	4651	
contig_10	 contig_8	435167	903314	344833	346314	454699	456180	
contig_10	 contig_8	435167	903314	344833	346314	373534	375015	
contig_10	 contig_8	435167	903314	344833	346314	896983	895500	
contig_10	 contig_8	435167	903314	344833	346314	752598	751116	
contig_10	 contig_8	435167	903314	344833	346314	248922	250403	
contig_10	 contig_8	435167	903314	344833	346173	579799	578459	
contig_10	 contig_8	435167	903314	344833	346314	578458	576977	
contig_10	 contig_8	435167	903314	344833	346316	329143	327660	
contig_10	 contig_8	435167	903314	344833	346314	368228	366747	
contig_10	 contig_8	435167	903314	344833	346314	334156	332674	
contig_10	 contig_8	435167	903314	344833	346314	816955	818437	
contig_10	 contig_8	435167	903314	384216	385398	497327	496136	
contig_10	 contig_8	435167	903314	384217	385396	162321	163509	
contig_10	 contig_8	435167	903314	384217	385396	169592	168404	
contig_10	 contig_8	435167	903314	387531	389031	606622	605122	
contig_10	 contig_8	435167	903314	387532	389013	127753	129235	
contig_10	 contig_8	435167	903314	387532	389032	861758	860259	
contig_10	 contig_8	435167	903314	387533	389029	63252	64747	
contig_10	 contig_8	435167	903314	387533	389031	855849	854352	
contig_10	 contig_8	435167	903314	387533	389029	286496	287991	
contig_10	 contig_8	435167	903314	387533	389028	850896	849399	
contig_10	 contig_8	435167	903314	387533	389031	749553	751051	
contig_10	 contig_8	435167	903314	387533	389031	651484	652982	
contig_10	 contig_8	435167	903314	387533	389031	74794	73296	
contig_10	 contig_8	435167	903314	387534	389031	292810	294307	
contig_10	 contig_8	435167	903314	387534	389031	141797	143293	
contig_10	 contig_8	435167	903314	387531	389029	454108	452608	
contig_10	 contig_8	435167	903314	398396	399881	256411	257896	
contig_10	 contig_8	435167	903314	398392	399890	299380	297882	
contig_10	 contig_8	435167	903314	398390	399885	756183	757680	
contig_10	 contig_8	435167	903314	398395	399881	307964	309450	
contig_10	 contig_8	435167	903314	398399	399881	171741	173223	
contig_10	 contig_8	435167	903314	398400	399888	248922	250410	
contig_10	 contig_8	435167	903314	398392	399884	373527	375018	
contig_10	 contig_8	435167	903314	398400	399881	3170	4651	
contig_10	 contig_8	435167	903314	398400	399881	454699	456180	
contig_10	 contig_8	435167	903314	398396	399888	329147	327655	
contig_10	 contig_8	435167	903314	398400	399881	896983	895500	
contig_10	 contig_8	435167	903314	398400	399881	334156	332674	
contig_10	 contig_8	435167	903314	398400	399884	368228	366744	
contig_10	 contig_8	435167	903314	398400	399881	247155	245672	
contig_10	 contig_8	435167	903314	398400	399889	578458	576970	
contig_10	 contig_8	435167	903314	398392	399886	752606	751111	
contig_10	 contig_8	435167	903314	398392	399740	579808	578459	
contig_10	 contig_8	435167	903314	398400	399882	816955	818438	
contig_10	 contig_8	435167	903314	417699	419200	651481	652980	
contig_10	 contig_8	435167	903314	417699	419200	63249	64747	
contig_10	 contig_8	435167	903314	417701	419200	74795	73298	
contig_10	 contig_8	435167	903314	417701	419199	850897	849399	
contig_10	 contig_8	435167	903314	417701	419204	855850	854350	
contig_10	 contig_8	435167	903314	417701	419200	286495	287991	
contig_10	 contig_8	435167	903314	417702	419200	606620	605124	
contig_10	 contig_8	435167	903314	417692	419184	127744	129235	
contig_10	 contig_8	435167	903314	417702	419200	861757	860262	
contig_10	 contig_8	435167	903314	417691	419200	749542	751049	
contig_10	 contig_8	435167	903314	417703	419204	141797	143295	
contig_10	 contig_8	435167	903314	417703	419200	292810	294305	
contig_10	 contig_8	435167	903314	417702	419200	454106	452608	
contig_41	 contig_8	38046	903314	12928	13846	129235	130153	
contig_41	 contig_8	38046	903314	12924	13846	131241	132164	
contig_41	 contig_8	38046	903314	12928	13846	176790	177707	
contig_41	 contig_8	38046	903314	12924	13846	492228	493149	
contig_41	 contig_8	38046	903314	12924	13846	507111	508033	
contig_41	 contig_8	38046	903314	12924	13846	832549	833470	
contig_41	 contig_8	38046	903314	12928	13846	844258	843341	
contig_41	 contig_8	38046	903314	12924	13857	745607	744675	
contig_41	 contig_8	38046	903314	12924	13848	667170	666246	
contig_41	 contig_8	38046	903314	12926	13851	185882	186807	
contig_41	 contig_8	38046	903314	31709	38046	903314	896980	
contig_22	 contig_8	3462	903314	1	3462	850896	854357	
contig_23	 contig_8	4418	903314	1	4418	855849	860265	
contig_12	 contig_8	1656	903314	1	1656	435046	433388	
contig_18	 contig_8	3536	903314	1	3536	332677	329140	
contig_7	 contig_18	607258	447731	14803	26444	1	11636	
contig_7	 contig_18	607258	447731	33892	35394	20171	18672	
contig_7	 contig_18	607258	447731	33893	35392	37632	36137	
contig_7	 contig_18	607258	447731	33892	35395	68008	66509	
contig_7	 contig_18	607258	447731	33894	35394	206625	205129	
contig_7	 contig_18	607258	447731	33894	35392	435330	436824	
contig_7	 contig_18	607258	447731	33893	35394	157660	159159	
contig_7	 contig_18	607258	447731	33894	35398	13132	11625	
contig_7	 contig_18	607258	447731	39804	41304	37633	36133	
contig_7	 contig_18	607258	447731	39804	41305	157659	159162	
contig_7	 contig_18	607258	447731	39805	41302	68007	66510	
contig_7	 contig_18	607258	447731	39805	41302	20170	18672	
contig_7	 contig_18	607258	447731	39806	41300	435330	436824	
contig_7	 contig_18	607258	447731	39802	41302	206629	205129	
contig_7	 contig_18	607258	447731	39806	41304	13132	11627	
contig_7	 contig_18	607258	447731	44757	46252	157659	159156	
contig_7	 contig_18	607258	447731	44757	46252	37633	36138	
contig_7	 contig_18	607258	447731	44758	46252	68007	66513	
contig_7	 contig_18	607258	447731	44758	46252	20170	18675	
contig_7	 contig_18	607258	447731	44759	46252	435330	436823	
contig_7	 contig_18	607258	447731	44759	46256	206625	205128	
contig_7	 contig_18	607258	447731	44759	46252	13132	11632	
contig_7	 contig_18	607258	447731	51392	52314	355816	356738	
contig_7	 contig_18	607258	447731	51392	52314	306614	307536	
contig_7	 contig_18	607258	447731	51393	52314	293173	294095	
contig_7	 contig_18	607258	447731	51393	52314	142620	143541	
contig_7	 contig_18	607258	447731	51395	52312	418750	417833	
contig_7	 contig_18	607258	447731	51395	52312	358745	357827	
contig_7	 contig_18	607258	447731	51395	52312	114905	115822	
contig_7	 contig_18	607258	447731	51395	52312	233200	232283	
contig_7	 contig_18	607258	447731	51498	52314	416403	417218	
contig_7	 contig_18	607258	447731	62168	63102	143551	142620	
contig_7	 contig_18	607258	447731	62179	64209	356739	354710	
contig_7	 contig_18	607258	447731	62179	63102	294096	293173	
contig_7	 contig_18	607258	447731	62180	64209	307536	305526	
contig_7	 contig_18	607258	447731	62180	62997	417218	416403	
contig_7	 contig_18	607258	447731	62182	63100	232283	233200	
contig_7	 contig_18	607258	447731	62178	63100	115826	114905	
contig_7	 contig_18	607258	447731	62182	63100	417833	418750	
contig_7	 contig_18	607258	447731	62182	63100	357827	358745	
contig_7	 contig_18	607258	447731	77207	78690	313298	314781	
contig_7	 contig_18	607258	447731	77207	78690	254937	253455	
contig_7	 contig_18	607258	447731	77207	78690	215533	214050	
contig_7	 contig_18	607258	447731	77207	78690	55447	56929	
contig_7	 contig_18	607258	447731	77208	78690	109230	110712	
contig_7	 contig_18	607258	447731	77208	78690	15717	14236	
contig_7	 contig_18	607258	447731	77208	78690	374437	372955	
contig_7	 contig_18	607258	447731	77208	78690	244282	242799	
contig_7	 contig_18	607258	447731	77207	78690	416272	414789	
contig_7	 contig_18	607258	447731	137962	139447	15718	14233	
contig_7	 contig_18	607258	447731	137957	139444	254941	253455	
contig_7	 contig_18	607258	447731	137963	139444	374437	372955	
contig_7	 contig_18	607258	447731	137963	139447	313299	314784	
contig_7	 contig_18	607258	447731	137954	139448	244291	242794	
contig_7	 contig_18	607258	447731	137954	139445	109221	110713	
contig_7	 contig_18	607258	447731	137957	139445	215537	214049	
contig_7	 contig_18	607258	447731	137958	139453	55444	56939	
contig_7	 contig_18	607258	447731	137957	139445	416276	414788	
contig_7	 contig_18	607258	447731	143038	144520	372954	374437	
contig_7	 contig_18	607258	447731	143039	144524	414789	416275	
contig_7	 contig_18	607258	447731	143039	144520	110712	109230	
contig_7	 contig_18	607258	447731	143031	144525	56937	55443	
contig_7	 contig_18	607258	447731	143035	144520	14232	15717	
contig_7	 contig_18	607258	447731	143029	144524	253444	254940	
contig_7	 contig_18	607258	447731	143033	144527	314787	313292	
contig_7	 contig_18	607258	447731	143039	144520	242799	244282	
contig_7	 contig_18	607258	447731	143039	144524	214050	215536	
contig_7	 contig_18	607258	447731	144584	146082	205128	206625	
contig_7	 contig_18	607258	447731	144585	146083	159159	157660	
contig_7	 contig_18	607258	447731	144585	146082	11629	13132	
contig_7	 contig_18	607258	447731	144585	146083	18672	20170	
contig_7	 contig_18	607258	447731	144585	146083	66510	68007	
contig_7	 contig_18	607258	447731	144587	146094	36137	37643	
contig_7	 contig_18	607258	447731	144587	146082	436824	435330	
contig_7	 contig_18	607258	447731	150020	150950	306606	307536	
contig_7	 contig_18	607258	447731	150020	150955	355808	356743	
contig_7	 contig_18	607258	447731	150029	150952	142620	143543	
contig_7	 contig_18	607258	447731	150029	150951	293173	294096	
contig_7	 contig_18	607258	447731	150031	150948	418750	417833	
contig_7	 contig_18	607258	447731	150031	150948	233200	232283	
contig_7	 contig_18	607258	447731	150024	150952	114897	115826	
contig_7	 contig_18	607258	447731	150031	150948	358745	357827	
contig_7	 contig_18	607258	447731	150134	150950	416403	417218	
contig_7	 contig_18	607258	447731	227355	228462	355819	354712	
contig_7	 contig_18	607258	447731	228464	229385	114905	115826	
contig_7	 contig_18	607258	447731	228448	229381	355803	356736	
contig_7	 contig_18	607258	447731	228464	229383	418750	417831	
contig_7	 contig_18	607258	447731	228456	229381	306609	307534	
contig_7	 contig_18	607258	447731	228464	229385	142622	143543	
contig_7	 contig_18	607258	447731	228464	229381	293175	294093	
contig_7	 contig_18	607258	447731	228464	229389	358745	357820	
contig_7	 contig_18	607258	447731	228464	229383	233200	232281	
contig_7	 contig_18	607258	447731	228567	229381	416403	417216	
contig_7	 contig_18	607258	447731	242639	244138	18670	20170	
contig_7	 contig_18	607258	447731	242637	244141	159163	157657	
contig_7	 contig_18	607258	447731	242641	244137	11629	13132	
contig_7	 contig_18	607258	447731	242641	244138	66510	68007	
contig_7	 contig_18	607258	447731	242641	244155	205129	206642	
contig_7	 contig_18	607258	447731	242639	244137	436828	435330	
contig_7	 contig_18	607258	447731	242643	244141	36137	37635	
contig_7	 contig_18	607258	447731	289007	290513	20177	18671	
contig_7	 contig_18	607258	447731	289013	290512	68009	66510	
contig_7	 contig_18	607258	447731	289015	290510	37632	36137	
contig_7	 contig_18	607258	447731	289015	290512	157660	159159	
contig_7	 contig_18	607258	447731	289016	290516	206625	205125	
contig_7	 contig_18	607258	447731	289011	290510	435326	436824	
contig_7	 contig_18	607258	447731	289016	290512	13132	11629	
contig_7	 contig_18	607258	447731	315841	317182	214050	215391	
contig_7	 contig_18	607258	447731	315841	317182	372955	374296	
contig_7	 contig_18	607258	447731	315841	317182	110712	109371	
contig_7	 contig_18	607258	447731	315841	317182	242799	244141	
contig_7	 contig_18	607258	447731	315837	317182	314785	313440	
contig_7	 contig_18	607258	447731	315841	317182	253455	254795	
contig_7	 contig_18	607258	447731	315832	317182	56937	55589	
contig_7	 contig_18	607258	447731	315841	317182	414789	416129	
contig_7	 contig_18	607258	447731	315837	317182	14232	15576	
contig_7	 contig_18	607258	447731	317182	318664	372954	374437	
contig_7	 contig_18	607258	447731	317183	318667	214050	215535	
contig_7	 contig_18	607258	447731	317183	318664	242799	244282	
contig_7	 contig_18	607258	447731	317183	318665	314781	313298	
contig_7	 contig_18	607258	447731	317183	318664	14236	15717	
contig_7	 contig_18	607258	447731	317183	318664	110712	109230	
contig_7	 contig_18	607258	447731	317183	318671	56929	55440	
contig_7	 contig_18	607258	447731	317183	318667	414789	416274	
contig_7	 contig_18	607258	447731	317183	318667	253455	254939	
contig_7	 contig_18	607258	447731	387599	388525	143543	142618	
contig_7	 contig_18	607258	447731	387600	388523	294096	293173	
contig_7	 contig_18	607258	447731	387600	388523	356739	355817	
contig_7	 contig_18	607258	447731	387601	388417	417218	416403	
contig_7	 contig_18	607258	447731	387601	388523	307536	306615	
contig_7	 contig_18	607258	447731	387603	388521	232283	233200	
contig_7	 contig_18	607258	447731	387603	388521	357827	358745	
contig_7	 contig_18	607258	447731	387599	388521	115826	114905	
contig_7	 contig_18	607258	447731	387603	388525	417833	418754	
contig_7	 contig_18	607258	447731	388521	389639	402499	403606	
contig_7	 contig_18	607258	447731	398310	399501	71324	70142	
contig_7	 contig_18	607258	447731	398311	399499	340093	338903	
contig_7	 contig_18	607258	447731	398580	399499	356736	357650	
contig_7	 contig_18	607258	447731	401912	402489	402414	402991	
contig_7	 contig_18	607258	447731	402482	403413	307540	306609	
contig_7	 contig_18	607258	447731	402484	403405	232279	233200	
contig_7	 contig_18	607258	447731	402488	403405	115822	114905	
contig_7	 contig_18	607258	447731	402488	403405	294093	293175	
contig_7	 contig_18	607258	447731	402488	403405	417833	418750	
contig_7	 contig_18	607258	447731	402488	403405	357827	358745	
contig_7	 contig_18	607258	447731	402488	403302	417216	416403	
contig_7	 contig_18	607258	447731	402488	403421	356736	355803	
contig_7	 contig_18	607258	447731	402488	403405	143539	142622	
contig_7	 contig_18	607258	447731	403407	404515	354712	355817	
contig_7	 contig_18	607258	447731	439454	440936	374437	372955	
contig_7	 contig_18	607258	447731	439454	440936	244282	242799	
contig_7	 contig_18	607258	447731	439454	440936	109230	110712	
contig_7	 contig_18	607258	447731	439454	440936	254936	253455	
contig_7	 contig_18	607258	447731	439454	440936	313299	314781	
contig_7	 contig_18	607258	447731	439454	440936	55448	56929	
contig_7	 contig_18	607258	447731	439454	440936	215532	214050	
contig_7	 contig_18	607258	447731	439453	440936	15718	14236	
contig_7	 contig_18	607258	447731	439454	440936	416271	414789	
contig_7	 contig_18	607258	447731	441529	443028	68009	66512	
contig_7	 contig_18	607258	447731	441529	443032	20172	18670	
contig_7	 contig_18	607258	447731	441531	443028	37632	36137	
contig_7	 contig_18	607258	447731	441532	443028	206625	205131	
contig_7	 contig_18	607258	447731	441528	443060	435326	436856	
contig_7	 contig_18	607258	447731	441532	443028	13132	11631	
contig_7	 contig_18	607258	447731	441531	443028	157660	159157	
contig_7	 contig_18	607258	447731	459592	462442	389851	392707	
contig_7	 contig_18	607258	447731	499998	501200	403606	402413	
contig_7	 contig_18	607258	447731	520615	522107	55445	56937	
contig_7	 contig_18	607258	447731	520611	522115	254943	253438	
contig_7	 contig_18	607258	447731	520611	522100	215539	214050	
contig_7	 contig_18	607258	447731	520617	522100	313298	314781	
contig_7	 contig_18	607258	447731	520618	522100	374437	372955	
contig_7	 contig_18	607258	447731	520618	522100	15717	14236	
contig_7	 contig_18	607258	447731	520618	522102	244282	242797	
contig_7	 contig_18	607258	447731	520618	522100	109230	110712	
contig_7	 contig_18	607258	447731	520611	522100	416278	414789	
contig_7	 contig_18	607258	447731	526148	527326	348814	347634	
contig_7	 contig_18	607258	447731	527403	528888	56929	55445	
contig_7	 contig_18	607258	447731	527403	528885	110712	109230	
contig_7	 contig_18	607258	447731	527399	528885	372951	374437	
contig_7	 contig_18	607258	447731	527403	528888	414789	416274	
contig_7	 contig_18	607258	447731	527403	528885	14236	15717	
contig_7	 contig_18	607258	447731	527403	528885	242799	244282	
contig_7	 contig_18	607258	447731	527403	528888	253455	254939	
contig_7	 contig_18	607258	447731	527403	528888	214050	215535	
contig_7	 contig_18	607258	447731	527403	528886	314781	313298	
contig_7	 contig_18	607258	447731	561478	562963	372954	374439	
contig_7	 contig_18	607258	447731	561479	562961	314781	313299	
contig_7	 contig_18	607258	447731	561479	562961	242799	244282	
contig_7	 contig_18	607258	447731	561479	562961	56929	55448	
contig_7	 contig_18	607258	447731	561479	562961	414789	416271	
contig_7	 contig_18	607258	447731	561479	562961	110712	109230	
contig_7	 contig_18	607258	447731	561479	562961	253455	254936	
contig_7	 contig_18	607258	447731	561479	562961	14236	15717	
contig_7	 contig_18	607258	447731	561479	562961	214050	215532	
contig_7	 contig_18	607258	447731	566486	567978	56933	55441	
contig_7	 contig_18	607258	447731	566490	567971	314781	313299	
contig_7	 contig_18	607258	447731	566490	567971	372955	374437	
contig_7	 contig_18	607258	447731	566490	567973	242799	244284	
contig_7	 contig_18	607258	447731	566490	567971	414789	416271	
contig_7	 contig_18	607258	447731	566490	567971	253455	254936	
contig_7	 contig_18	607258	447731	566490	567971	14236	15717	
contig_7	 contig_18	607258	447731	566490	567971	214050	215532	
contig_7	 contig_18	607258	447731	566490	567973	110712	109228	
contig_7	 contig_18	607258	447731	586185	587669	15718	14235	
contig_7	 contig_18	607258	447731	586186	587668	244282	242799	
contig_7	 contig_18	607258	447731	586186	587669	109230	110713	
contig_7	 contig_18	607258	447731	586186	587669	215532	214049	
contig_7	 contig_18	607258	447731	586186	587669	313299	314782	
contig_7	 contig_18	607258	447731	586186	587668	374437	372955	
contig_7	 contig_18	607258	447731	586186	587668	254936	253455	
contig_7	 contig_18	607258	447731	586186	587673	55448	56934	
contig_7	 contig_18	607258	447731	586186	587670	416271	414787	
contig_7	 contig_18	607258	447731	596203	597701	56937	55439	
contig_7	 contig_18	607258	447731	596209	597706	314783	313286	
contig_7	 contig_18	607258	447731	596209	597692	14234	15717	
contig_7	 contig_18	607258	447731	596210	597827	214049	215667	
contig_7	 contig_18	607258	447731	596210	597692	110713	109230	
contig_7	 contig_18	607258	447731	596210	597827	414788	416406	
contig_7	 contig_18	607258	447731	596211	597692	372955	374437	
contig_7	 contig_18	607258	447731	596211	597692	242799	244282	
contig_7	 contig_18	607258	447731	596211	597827	253455	255071	
contig_7	 contig_18	607258	447731	601276	602773	205128	206625	
contig_7	 contig_18	607258	447731	601277	602773	18672	20169	
contig_7	 contig_18	607258	447731	601277	602773	11629	13132	
contig_7	 contig_18	607258	447731	601277	602773	159159	157661	
contig_7	 contig_18	607258	447731	601277	602773	66510	68006	
contig_7	 contig_18	607258	447731	601279	602773	436824	435330	
contig_7	 contig_18	607258	447731	601279	602773	36137	37631	
contig_8	 contig_18	291604	447731	3170	5284	11636	9522	
contig_8	 contig_18	291604	447731	8261	9742	242799	244282	
contig_8	 contig_18	291604	447731	8261	9742	414789	416271	
contig_8	 contig_18	291604	447731	8261	9742	110712	109230	
contig_8	 contig_18	291604	447731	8261	9742	372955	374437	
contig_8	 contig_18	291604	447731	8261	9742	214050	215532	
contig_8	 contig_18	291604	447731	8261	9742	314781	313299	
contig_8	 contig_18	291604	447731	8261	9742	253455	254936	
contig_8	 contig_18	291604	447731	8261	9743	14236	15718	
contig_8	 contig_18	291604	447731	8261	9742	56929	55448	
contig_8	 contig_18	291604	447731	68350	69848	37635	36137	
contig_8	 contig_18	291604	447731	68350	69848	157657	159157	
contig_8	 contig_18	291604	447731	68353	69848	68007	66512	
contig_8	 contig_18	291604	447731	68353	69852	20170	18670	
contig_8	 contig_18	291604	447731	68346	69848	206633	205131	
contig_8	 contig_18	291604	447731	68354	69881	435330	436858	
contig_8	 contig_18	291604	447731	68354	69848	13132	11631	
contig_8	 contig_18	291604	447731	76939	78126	348815	347627	
contig_8	 contig_18	291604	447731	78384	79882	11628	13132	
contig_8	 contig_18	291604	447731	78384	79884	159160	157659	
contig_8	 contig_18	291604	447731	78385	79882	205129	206625	
contig_8	 contig_18	291604	447731	78385	79883	66510	68007	
contig_8	 contig_18	291604	447731	78385	79883	18672	20170	
contig_8	 contig_18	291604	447731	78387	79882	436824	435330	
contig_8	 contig_18	291604	447731	78387	79884	36137	37633	
contig_8	 contig_18	291604	447731	92584	93792	403609	402411	
contig_8	 contig_18	291604	447731	118369	119562	403606	402413	
contig_8	 contig_18	291604	447731	132843	134325	20171	18690	
contig_8	 contig_18	291604	447731	132843	134325	68008	66528	
contig_8	 contig_18	291604	447731	132844	134325	157660	159141	
contig_8	 contig_18	291604	447731	132834	134325	37642	36153	
contig_8	 contig_18	291604	447731	132845	134325	206625	205147	
contig_8	 contig_18	291604	447731	132845	134325	435330	436808	
contig_8	 contig_18	291604	447731	132845	134325	13132	11647	
contig_8	 contig_18	291604	447731	134322	135245	293172	294095	
contig_8	 contig_18	291604	447731	134323	135245	306615	307536	
contig_8	 contig_18	291604	447731	134323	135245	355817	356738	
contig_8	 contig_18	291604	447731	134323	135245	142620	143541	
contig_8	 contig_18	291604	447731	134325	135261	358745	357809	
contig_8	 contig_18	291604	447731	134325	135243	418750	417833	
contig_8	 contig_18	291604	447731	134325	135243	233200	232283	
contig_8	 contig_18	291604	447731	134325	135243	114905	115822	
contig_8	 contig_18	291604	447731	134428	135245	416403	417218	
contig_8	 contig_18	291604	447731	135243	137258	305526	307540	
contig_8	 contig_18	291604	447731	135243	137256	354710	356740	
contig_8	 contig_18	291604	447731	136332	137255	293173	294096	
contig_8	 contig_18	291604	447731	136332	137255	142620	143542	
contig_8	 contig_18	291604	447731	136334	137252	114905	115822	
contig_8	 contig_18	291604	447731	136334	137252	233200	232283	
contig_8	 contig_18	291604	447731	136334	137252	418750	417833	
contig_8	 contig_18	291604	447731	136334	137252	358745	357827	
contig_8	 contig_18	291604	447731	136437	137254	416403	417218	
contig_8	 contig_18	291604	447731	146375	150548	13646	9466	
contig_8	 contig_18	291604	447731	146887	148383	435329	436824	
contig_8	 contig_18	291604	447731	146887	148385	206626	205129	
contig_8	 contig_18	291604	447731	146888	148387	37631	36133	
contig_8	 contig_18	291604	447731	146888	148385	68006	66510	
contig_8	 contig_18	291604	447731	146888	148387	157661	159161	
contig_8	 contig_18	291604	447731	146888	148385	20169	18672	
contig_8	 contig_18	291604	447731	167409	168597	340093	338903	
contig_8	 contig_18	291604	447731	167409	168597	71323	70144	
contig_8	 contig_18	291604	447731	167678	168598	356736	357651	
contig_8	 contig_18	291604	447731	169519	171708	9465	11636	
contig_8	 contig_18	291604	447731	173510	174702	338903	340096	
contig_8	 contig_18	291604	447731	173510	174699	70144	71323	
contig_8	 contig_18	291604	447731	173509	174430	357651	356736	
contig_8	 contig_18	291604	447731	176849	178334	110714	109230	
contig_8	 contig_18	291604	447731	176850	178334	56930	55448	
contig_8	 contig_18	291604	447731	176850	178334	414788	416271	
contig_8	 contig_18	291604	447731	176850	178334	314782	313299	
contig_8	 contig_18	291604	447731	176850	178335	14235	15718	
contig_8	 contig_18	291604	447731	176850	178334	214049	215532	
contig_8	 contig_18	291604	447731	176851	178334	242799	244282	
contig_8	 contig_18	291604	447731	176851	178334	372955	374437	
contig_8	 contig_18	291604	447731	176851	178334	253455	254936	
contig_8	 contig_18	291604	447731	181905	182841	358745	357809	
contig_8	 contig_18	291604	447731	181905	182823	293175	294093	
contig_8	 contig_18	291604	447731	181905	182823	233200	232283	
contig_8	 contig_18	291604	447731	181897	182823	306610	307534	
contig_8	 contig_18	291604	447731	181905	182823	418750	417833	
contig_8	 contig_18	291604	447731	181897	182823	355812	356736	
contig_8	 contig_18	291604	447731	181905	182823	114905	115822	
contig_8	 contig_18	291604	447731	181905	182823	142622	143539	
contig_8	 contig_18	291604	447731	182008	182823	416403	417216	
contig_8	 contig_18	291604	447731	182825	183912	305528	306615	
contig_8	 contig_18	291604	447731	191001	191922	114903	115824	
contig_8	 contig_18	291604	447731	191001	191922	418752	417831	
contig_8	 contig_18	291604	447731	191001	191923	233202	232280	
contig_8	 contig_18	291604	447731	191003	191920	142622	143539	
contig_8	 contig_18	291604	447731	191003	191920	355819	356736	
contig_8	 contig_18	291604	447731	191003	191920	358745	357827	
contig_8	 contig_18	291604	447731	191003	191920	306617	307534	
contig_8	 contig_18	291604	447731	191003	191920	293175	294093	
contig_8	 contig_18	291604	447731	191106	191920	416403	417216	
contig_8	 contig_18	291604	447731	192044	195550	393118	389639	
contig_8	 contig_18	291604	447731	193159	195329	11636	9466	
contig_8	 contig_18	291604	447731	250780	252263	15718	14236	
contig_8	 contig_18	291604	447731	250781	252263	313299	314781	
contig_8	 contig_18	291604	447731	250781	252263	109230	110712	
contig_8	 contig_18	291604	447731	250781	252263	55448	56929	
contig_8	 contig_18	291604	447731	250781	252263	254936	253455	
contig_8	 contig_18	291604	447731	250781	252263	244282	242799	
contig_8	 contig_18	291604	447731	250781	252263	374437	372955	
contig_8	 contig_18	291604	447731	250781	252263	215532	214050	
contig_8	 contig_18	291604	447731	250781	252263	416271	414789	
contig_8	 contig_18	291604	447731	254028	255509	14236	15717	
contig_8	 contig_18	291604	447731	254028	255509	214050	215532	
contig_8	 contig_18	291604	447731	254028	255509	242799	244282	
contig_8	 contig_18	291604	447731	254028	255509	314781	313299	
contig_8	 contig_18	291604	447731	254028	255509	253455	254936	
contig_8	 contig_18	291604	447731	254028	255516	56929	55441	
contig_8	 contig_18	291604	447731	254028	255509	414789	416271	
contig_8	 contig_18	291604	447731	254028	255510	372955	374438	
contig_8	 contig_18	291604	447731	254028	255509	110712	109230	
contig_8	 contig_18	291604	447731	261517	263002	56933	55448	
contig_8	 contig_18	291604	447731	261519	263002	314783	313299	
contig_8	 contig_18	291604	447731	261519	263011	14234	15725	
contig_8	 contig_18	291604	447731	261520	263002	110713	109230	
contig_8	 contig_18	291604	447731	261520	263002	214049	215532	
contig_8	 contig_18	291604	447731	261520	263002	414788	416271	
contig_8	 contig_18	291604	447731	261521	263002	242799	244282	
contig_8	 contig_18	291604	447731	261521	263002	253455	254936	
contig_8	 contig_18	291604	447731	261521	263002	372955	374437	
contig_10	 contig_18	435167	447731	5941	7815	11636	9763	
contig_10	 contig_18	435167	447731	7814	389343	447731	66198	
contig_10	 contig_18	435167	447731	18726	20222	11631	13133	
contig_10	 contig_18	435167	447731	18726	20222	205131	206626	
contig_10	 contig_18	435167	447731	18726	20221	66512	68006	
contig_10	 contig_18	435167	447731	18726	20221	36137	37631	
contig_10	 contig_18	435167	447731	18722	20227	18670	20177	
contig_10	 contig_18	435167	447731	36792	37713	114903	115824	
contig_10	 contig_18	435167	447731	36794	37711	306617	307534	
contig_10	 contig_18	435167	447731	36794	37711	293175	294093	
contig_10	 contig_18	435167	447731	36794	37711	355819	356736	
contig_10	 contig_18	435167	447731	36789	37711	142617	143539	
contig_10	 contig_18	435167	447731	36897	37711	416403	417216	
contig_10	 contig_18	435167	447731	38327	39141	232283	233097	
contig_10	 contig_18	435167	447731	38327	39141	357827	358642	
contig_10	 contig_18	435167	447731	38327	39141	417833	418647	
contig_10	 contig_18	435167	447731	39264	40755	55439	56930	
contig_10	 contig_18	435167	447731	39259	40755	313286	314782	
contig_10	 contig_18	435167	447731	39273	40755	15717	14235	
contig_10	 contig_18	435167	447731	39273	40755	109230	110713	
contig_10	 contig_18	435167	447731	81109	82590	109230	110712	
contig_10	 contig_18	435167	447731	81109	82590	55448	56929	
contig_10	 contig_18	435167	447731	81109	82590	313299	314781	
contig_10	 contig_18	435167	447731	81109	82590	15717	14236	
contig_10	 contig_18	435167	447731	96796	97713	114905	115822	
contig_10	 contig_18	435167	447731	96796	97713	306617	307534	
contig_10	 contig_18	435167	447731	96796	97713	293175	294093	
contig_10	 contig_18	435167	447731	96796	97713	142622	143539	
contig_10	 contig_18	435167	447731	96796	97713	355819	356736	
contig_10	 contig_18	435167	447731	96899	97713	416403	417216	
contig_10	 contig_18	435167	447731	97888	98800	70144	71054	
contig_10	 contig_18	435167	447731	97882	98800	338897	339824	
contig_10	 contig_18	435167	447731	98800	99717	357827	358745	
contig_10	 contig_18	435167	447731	98800	99717	417833	418750	
contig_10	 contig_18	435167	447731	98800	99717	232283	233200	
contig_10	 contig_18	435167	447731	115700	116625	356736	357656	
contig_10	 contig_18	435167	447731	140740	142225	14232	15717	
contig_10	 contig_18	435167	447731	140738	142235	56935	55438	
contig_10	 contig_18	435167	447731	140743	142238	414788	416285	
contig_10	 contig_18	435167	447731	140736	142238	214042	215546	
contig_10	 contig_18	435167	447731	140744	142238	253455	254950	
contig_10	 contig_18	435167	447731	140736	142234	242790	244290	
contig_10	 contig_18	435167	447731	140744	142225	372955	374437	
contig_10	 contig_18	435167	447731	147997	148909	357832	358745	
contig_10	 contig_18	435167	447731	147997	148909	417838	418750	
contig_10	 contig_18	435167	447731	147986	148909	232279	233200	
contig_10	 contig_18	435167	447731	161444	162361	417833	418750	
contig_10	 contig_18	435167	447731	161444	162361	357827	358745	
contig_10	 contig_18	435167	447731	161444	162361	232283	233200	
contig_10	 contig_18	435167	447731	200588	202078	55439	56929	
contig_10	 contig_18	435167	447731	200583	202078	313286	314781	
contig_10	 contig_18	435167	447731	200597	202078	15717	14236	
contig_10	 contig_18	435167	447731	200597	202078	109230	110712	
contig_10	 contig_18	435167	447731	211109	212730	109090	110712	
contig_10	 contig_18	435167	447731	211249	212730	15717	14236	
contig_10	 contig_18	435167	447731	211241	212739	313290	314789	
contig_10	 contig_18	435167	447731	211249	212730	55448	56929	
contig_10	 contig_18	435167	447731	222325	223247	114903	115824	
contig_10	 contig_18	435167	447731	222327	223245	293175	294093	
contig_10	 contig_18	435167	447731	222327	223245	142622	143539	
contig_10	 contig_18	435167	447731	222327	223249	306617	307538	
contig_10	 contig_18	435167	447731	222327	223245	355819	356736	
contig_10	 contig_18	435167	447731	222430	223245	416403	417216	
contig_10	 contig_18	435167	447731	226755	227309	45598	46152	
contig_10	 contig_18	435167	447731	239988	241479	55439	56930	
contig_10	 contig_18	435167	447731	239983	241486	313286	314789	
contig_10	 contig_18	435167	447731	239997	241479	15717	14235	
contig_10	 contig_18	435167	447731	239997	241479	109230	110713	
contig_10	 contig_18	435167	447731	248903	250400	435329	436824	
contig_10	 contig_18	435167	447731	248904	250402	157661	159159	
contig_10	 contig_18	435167	447731	248904	250400	37631	36137	
contig_10	 contig_18	435167	447731	248904	250402	20169	18672	
contig_10	 contig_18	435167	447731	248903	250402	13133	11629	
contig_10	 contig_18	435167	447731	296376	297874	11627	13132	
contig_10	 contig_18	435167	447731	296378	297875	18672	20170	
contig_10	 contig_18	435167	447731	296378	297875	66510	68007	
contig_10	 contig_18	435167	447731	296378	297874	205129	206625	
contig_10	 contig_18	435167	447731	296376	297879	36133	37636	
contig_10	 contig_18	435167	447731	311998	312915	232283	233200	
contig_10	 contig_18	435167	447731	311998	312915	357827	358745	
contig_10	 contig_18	435167	447731	311998	312920	417833	418755	
contig_10	 contig_18	435167	447731	339719	340640	232281	233202	
contig_10	 contig_18	435167	447731	339719	340640	417831	418752	
contig_10	 contig_18	435167	447731	339721	340638	357827	358745	
contig_10	 contig_18	435167	447731	344832	346314	414788	416271	
contig_10	 contig_18	435167	447731	344832	346314	14235	15717	
contig_10	 contig_18	435167	447731	344832	346314	214049	215532	
contig_10	 contig_18	435167	447731	344832	346314	56930	55448	
contig_10	 contig_18	435167	447731	344833	346314	372955	374437	
contig_10	 contig_18	435167	447731	344833	346454	242799	244422	
contig_10	 contig_18	435167	447731	344833	346314	253455	254936	
contig_10	 contig_18	435167	447731	384486	385396	356736	357650	
contig_10	 contig_18	435167	447731	387527	389031	20176	18672	
contig_10	 contig_18	435167	447731	387533	389031	157660	159159	
contig_10	 contig_18	435167	447731	387533	389029	37632	36137	
contig_10	 contig_18	435167	447731	387534	389029	435330	436824	
contig_10	 contig_18	435167	447731	387534	389031	13132	11629	
contig_10	 contig_18	435167	447731	389140	435167	66198	20170	
contig_10	 contig_18	435167	447731	398398	399881	14234	15717	
contig_10	 contig_18	435167	447731	398394	399891	314787	313289	
contig_10	 contig_18	435167	447731	398399	399881	110713	109230	
contig_10	 contig_18	435167	447731	398399	399890	414788	416280	
contig_10	 contig_18	435167	447731	398399	399890	214049	215541	
contig_10	 contig_18	435167	447731	398400	399890	253455	254945	
contig_10	 contig_18	435167	447731	398400	399881	372955	374437	
contig_10	 contig_18	435167	447731	398400	399881	242799	244282	
contig_10	 contig_18	435167	447731	409178	409732	228218	228772	
contig_10	 contig_18	435167	447731	417698	419204	157656	159161	
contig_10	 contig_18	435167	447731	417702	419200	20170	18674	
contig_10	 contig_18	435167	447731	417702	419200	68007	66512	
contig_10	 contig_18	435167	447731	417703	419200	206625	205131	
contig_10	 contig_18	435167	447731	417703	419200	435330	436824	
contig_10	 contig_18	435167	447731	417703	419204	13132	11627	
contig_24	 contig_18	2965	447731	1	2965	15714	18677	
contig_41	 contig_18	38046	447731	12925	13848	114902	115824	
contig_41	 contig_18	38046	447731	12928	13846	142622	143539	
contig_41	 contig_18	38046	447731	12928	13846	293175	294093	
contig_41	 contig_18	38046	447731	12924	13846	306613	307534	
contig_41	 contig_18	38046	447731	12924	13846	355815	356736	
contig_41	 contig_18	38046	447731	12926	13848	418752	417831	
contig_41	 contig_18	38046	447731	12928	13846	358745	357827	
contig_41	 contig_18	38046	447731	12926	13849	233202	232280	
contig_41	 contig_18	38046	447731	13032	13846	416403	417216	
contig_12	 contig_18	1656	447731	1	1655	390846	392500	
contig_10	 b0155e24-7c4d-4402-81db-c13df371a242	435167	66206	1	2756	35873	38629	
contig_10	 b0155e24-7c4d-4402-81db-c13df371a242	435167	66206	2754	8001	40118	45350	
contig_10	 b0155e24-7c4d-4402-81db-c13df371a242	435167	66206	18722	20227	38620	40126	
contig_10	 b0155e24-7c4d-4402-81db-c13df371a242	435167	66206	36792	37713	25698	24777	
contig_10	 b0155e24-7c4d-4402-81db-c13df371a242	435167	66206	38327	39141	24779	25593	
contig_10	 b0155e24-7c4d-4402-81db-c13df371a242	435167	66206	39273	40754	49859	48378	
contig_10	 b0155e24-7c4d-4402-81db-c13df371a242	435167	66206	81109	82590	49859	48378	
contig_10	 b0155e24-7c4d-4402-81db-c13df371a242	435167	66206	96796	97713	25696	24779	
contig_10	 b0155e24-7c4d-4402-81db-c13df371a242	435167	66206	98800	99721	24779	25700	
contig_10	 b0155e24-7c4d-4402-81db-c13df371a242	435167	66206	140744	142225	48378	49859	
contig_10	 b0155e24-7c4d-4402-81db-c13df371a242	435167	66206	147997	148913	24784	25700	
contig_10	 b0155e24-7c4d-4402-81db-c13df371a242	435167	66206	161444	162361	24779	25696	
contig_10	 b0155e24-7c4d-4402-81db-c13df371a242	435167	66206	200597	202078	49859	48378	
contig_10	 b0155e24-7c4d-4402-81db-c13df371a242	435167	66206	211249	212730	49859	48378	
contig_10	 b0155e24-7c4d-4402-81db-c13df371a242	435167	66206	222325	223248	25698	24776	
contig_10	 b0155e24-7c4d-4402-81db-c13df371a242	435167	66206	239997	241478	49859	48378	
contig_10	 b0155e24-7c4d-4402-81db-c13df371a242	435167	66206	248904	250402	40120	38623	
contig_10	 b0155e24-7c4d-4402-81db-c13df371a242	435167	66206	296377	297880	38622	40126	
contig_10	 b0155e24-7c4d-4402-81db-c13df371a242	435167	66206	311998	312915	24779	25696	
contig_10	 b0155e24-7c4d-4402-81db-c13df371a242	435167	66206	339719	340641	24777	25699	
contig_10	 b0155e24-7c4d-4402-81db-c13df371a242	435167	66206	344833	346314	48378	49859	
contig_10	 b0155e24-7c4d-4402-81db-c13df371a242	435167	66206	387531	389031	40123	38623	
contig_10	 b0155e24-7c4d-4402-81db-c13df371a242	435167	66206	398400	399881	48378	49859	
contig_10	 b0155e24-7c4d-4402-81db-c13df371a242	435167	66206	417698	419200	40125	38625	
contig_7	 b0155e24-7c4d-4402-81db-c13df371a242	607258	66206	24330	26946	45405	42788	
contig_7	 b0155e24-7c4d-4402-81db-c13df371a242	607258	66206	33892	35394	40122	38623	
contig_7	 b0155e24-7c4d-4402-81db-c13df371a242	607258	66206	39805	41303	40121	38622	
contig_7	 b0155e24-7c4d-4402-81db-c13df371a242	607258	66206	44758	46252	40121	38626	
contig_7	 b0155e24-7c4d-4402-81db-c13df371a242	607258	66206	51395	52312	25696	24779	
contig_7	 b0155e24-7c4d-4402-81db-c13df371a242	607258	66206	62182	63104	24779	25700	
contig_7	 b0155e24-7c4d-4402-81db-c13df371a242	607258	66206	77208	78692	49859	48376	
contig_7	 b0155e24-7c4d-4402-81db-c13df371a242	607258	66206	137962	139444	49860	48378	
contig_7	 b0155e24-7c4d-4402-81db-c13df371a242	607258	66206	143039	144520	48378	49859	
contig_7	 b0155e24-7c4d-4402-81db-c13df371a242	607258	66206	144585	146083	38623	40121	
contig_7	 b0155e24-7c4d-4402-81db-c13df371a242	607258	66206	150027	150959	25700	24768	
contig_7	 b0155e24-7c4d-4402-81db-c13df371a242	607258	66206	228460	229383	25700	24777	
contig_7	 b0155e24-7c4d-4402-81db-c13df371a242	607258	66206	242641	244138	38623	40121	
contig_7	 b0155e24-7c4d-4402-81db-c13df371a242	607258	66206	289013	290512	40123	38623	
contig_7	 b0155e24-7c4d-4402-81db-c13df371a242	607258	66206	315840	317182	48377	49718	
contig_7	 b0155e24-7c4d-4402-81db-c13df371a242	607258	66206	317183	318664	48378	49859	
contig_7	 b0155e24-7c4d-4402-81db-c13df371a242	607258	66206	387603	388526	24779	25700	
contig_7	 b0155e24-7c4d-4402-81db-c13df371a242	607258	66206	402488	403409	24779	25700	
contig_7	 b0155e24-7c4d-4402-81db-c13df371a242	607258	66206	439452	440938	49861	48376	
contig_7	 b0155e24-7c4d-4402-81db-c13df371a242	607258	66206	441528	443032	40124	38620	
contig_7	 b0155e24-7c4d-4402-81db-c13df371a242	607258	66206	520618	522100	49859	48378	
contig_7	 b0155e24-7c4d-4402-81db-c13df371a242	607258	66206	527402	528885	48377	49859	
contig_7	 b0155e24-7c4d-4402-81db-c13df371a242	607258	66206	561479	562961	48378	49859	
contig_7	 b0155e24-7c4d-4402-81db-c13df371a242	607258	66206	566489	567971	48377	49859	
contig_7	 b0155e24-7c4d-4402-81db-c13df371a242	607258	66206	586185	587668	49860	48378	
contig_7	 b0155e24-7c4d-4402-81db-c13df371a242	607258	66206	596211	597692	48378	49859	
contig_7	 b0155e24-7c4d-4402-81db-c13df371a242	607258	66206	601277	602773	38623	40120	
contig_8	 b0155e24-7c4d-4402-81db-c13df371a242	291604	66206	1	26047	40120	66154	
contig_8	 b0155e24-7c4d-4402-81db-c13df371a242	291604	66206	68353	69852	40121	38620	
contig_8	 b0155e24-7c4d-4402-81db-c13df371a242	291604	66206	78384	79883	38622	40121	
contig_8	 b0155e24-7c4d-4402-81db-c13df371a242	291604	66206	132843	134325	40122	38641	
contig_8	 b0155e24-7c4d-4402-81db-c13df371a242	291604	66206	134325	135243	25696	24779	
contig_8	 b0155e24-7c4d-4402-81db-c13df371a242	291604	66206	136330	137252	25700	24779	
contig_8	 b0155e24-7c4d-4402-81db-c13df371a242	291604	66206	146888	148386	40120	38622	
contig_8	 b0155e24-7c4d-4402-81db-c13df371a242	291604	66206	148378	150437	43290	45350	
contig_8	 b0155e24-7c4d-4402-81db-c13df371a242	291604	66206	169817	172642	45164	42356	
contig_8	 b0155e24-7c4d-4402-81db-c13df371a242	291604	66206	176851	178335	48378	49860	
contig_8	 b0155e24-7c4d-4402-81db-c13df371a242	291604	66206	181905	182823	25696	24779	
contig_8	 b0155e24-7c4d-4402-81db-c13df371a242	291604	66206	191001	191925	25698	24774	
contig_8	 b0155e24-7c4d-4402-81db-c13df371a242	291604	66206	192393	195219	42524	45350	
contig_8	 b0155e24-7c4d-4402-81db-c13df371a242	291604	66206	250780	252265	49860	48376	
contig_8	 b0155e24-7c4d-4402-81db-c13df371a242	291604	66206	254026	255509	48376	49859	
contig_8	 b0155e24-7c4d-4402-81db-c13df371a242	291604	66206	261521	263005	48378	49862	
contig_41	 b0155e24-7c4d-4402-81db-c13df371a242	38046	66206	1	38046	38629	565	
